[
  { "postcode": "13000", "city": "Butterworth", "state": "Pulau Pinang" },
  { "postcode": "13009", "city": "Butterworth", "state": "Pulau Pinang" },
  { "postcode": "13020", "city": "Butterworth", "state": "Pulau Pinang" },
  { "postcode": "13050", "city": "Butterworth", "state": "Pulau Pinang" },
  { "postcode": "13100", "city": "Penaga", "state": "Pulau Pinang" },
  { "postcode": "13110", "city": "Penaga", "state": "Pulau Pinang" },
  { "postcode": "13200", "city": "Kepala Batas", "state": "Pulau Pinang" },
  { "postcode": "13210", "city": "Kepala Batas", "state": "Pulau Pinang" },
  { "postcode": "13220", "city": "Kepala Batas", "state": "Pulau Pinang" },
  { "postcode": "13300", "city": "Tasek Gelugor", "state": "Pulau Pinang" },
  { "postcode": "13310", "city": "Tasek Gelugor", "state": "Pulau Pinang" },
  { "postcode": "13400", "city": "Butterworth", "state": "Pulau Pinang" },
  { "postcode": "13409", "city": "Butterworth", "state": "Pulau Pinang" },
  { "postcode": "13500", "city": "Permatang Pauh", "state": "Pulau Pinang" },
  { "postcode": "13600", "city": "Perai", "state": "Pulau Pinang" },
  { "postcode": "13700", "city": "Perai", "state": "Pulau Pinang" },
  { "postcode": "13800", "city": "Butterworth", "state": "Pulau Pinang" }
]
