[
  { "postcode": "26000", "city": "Kuantan", "state": "Pahang" },
  { "postcode": "26010", "city": "Kuantan", "state": "Pahang" },
  { "postcode": "26040", "city": "Kuantan", "state": "Pahang" },
  { "postcode": "26050", "city": "Bukit Goh", "state": "Pahang" },
  { "postcode": "26060", "city": "Kuantan", "state": "Pahang" },
  { "postcode": "26070", "city": "Kuantan", "state": "Pahang" },
  { "postcode": "26080", "city": "Balok", "state": "Pahang" },
  { "postcode": "26090", "city": "Bukit Goh", "state": "Pahang" },
  { "postcode": "26100", "city": "Balok", "state": "Pahang" },
  { "postcode": "26140", "city": "Kuantan", "state": "Pahang" },
  { "postcode": "26150", "city": "Balok", "state": "Pahang" },
  { "postcode": "26180", "city": "Kuantan", "state": "Pahang" },
  { "postcode": "26190", "city": "Balok", "state": "Pahang" },
  { "postcode": "26200", "city": "Sungai Lembing", "state": "Pahang" },
  { "postcode": "26250", "city": "Jaya Gading", "state": "Pahang" },
  { "postcode": "26300", "city": "Gambang", "state": "Pahang" },
  { "postcode": "26310", "city": "Gambang", "state": "Pahang" },
  { "postcode": "26320", "city": "Gambang", "state": "Pahang" },
  { "postcode": "26330", "city": "Gambang", "state": "Pahang" },
  { "postcode": "26340", "city": "Gambang", "state": "Pahang" },
  { "postcode": "26350", "city": "Gambang", "state": "Pahang" },
  { "postcode": "26360", "city": "Gambang", "state": "Pahang" },
  { "postcode": "26370", "city": "Gambang", "state": "Pahang" },
  { "postcode": "26400", "city": "Bandar Pusat Jengka", "state": "Pahang" },
  { "postcode": "26410", "city": "Bandar Pusat Jengka", "state": "Pahang" },
  { "postcode": "26420", "city": "Bandar Pusat Jengka", "state": "Pahang" },
  { "postcode": "26430", "city": "Bandar Pusat Jengka", "state": "Pahang" },
  { "postcode": "26440", "city": "Bandar Pusat Jengka", "state": "Pahang" },
  { "postcode": "26450", "city": "Bandar Pusat Jengka", "state": "Pahang" },
  { "postcode": "26460", "city": "Bandar Pusat Jengka", "state": "Pahang" },
  { "postcode": "26485", "city": "Bandar Pusat Jengka", "state": "Pahang" },
  { "postcode": "26490", "city": "Bandar Pusat Jengka", "state": "Pahang" },
  { "postcode": "26500", "city": "Maran", "state": "Pahang" },
  { "postcode": "26600", "city": "Pekan", "state": "Pahang" },
  { "postcode": "26607", "city": "Pekan", "state": "Pahang" },
  { "postcode": "26609", "city": "Pekan", "state": "Pahang" },
  { "postcode": "26610", "city": "Pekan", "state": "Pahang" },
  { "postcode": "26620", "city": "Pekan", "state": "Pahang" },
  { "postcode": "26630", "city": "Pekan", "state": "Pahang" },
  { "postcode": "26640", "city": "Pekan", "state": "Pahang" },
  { "postcode": "26650", "city": "Pekan", "state": "Pahang" },
  { "postcode": "26660", "city": "Pekan", "state": "Pahang" },
  { "postcode": "26680", "city": "Pekan", "state": "Pahang" },
  { "postcode": "26690", "city": "Chini", "state": "Pahang" },
  { "postcode": "26700", "city": "Muadzam Shah", "state": "Pahang" },
  { "postcode": "26800", "city": "Kuala Rompin", "state": "Pahang" },
  { "postcode": "26810", "city": "Kuala Rompin", "state": "Pahang" },
  { "postcode": "26820", "city": "Kuala Rompin", "state": "Pahang" },
  { "postcode": "26900", "city": "Bandar Tun Abdul Razak", "state": "Pahang" },
  { "postcode": "26999", "city": "Bandar Tun Abdul Razak", "state": "Pahang" }
]
