[
  { "postcode": "71000", "city": "Port Dickson", "state": "Negeri Sembilan" },
  { "postcode": "71007", "city": "Port Dickson", "state": "Negeri Sembilan" },
  { "postcode": "71009", "city": "Port Dickson", "state": "Negeri Sembilan" },
  { "postcode": "71010", "city": "Port Dickson", "state": "Negeri Sembilan" },
  { "postcode": "71050", "city": "Si Rusa", "state": "Negeri Sembilan" },
  { "postcode": "71059", "city": "Si Rusa", "state": "Negeri Sembilan" },
  { "postcode": "71100", "city": "Rantau", "state": "Negeri Sembilan" },
  { "postcode": "71109", "city": "Rantau", "state": "Negeri Sembilan" },
  { "postcode": "71150", "city": "Linggi", "state": "Negeri Sembilan" },
  { "postcode": "71159", "city": "Linggi", "state": "Negeri Sembilan" },
  { "postcode": "71200", "city": "Rantau", "state": "Negeri Sembilan" },
  { "postcode": "71209", "city": "Rantau", "state": "Negeri Sembilan" },
  { "postcode": "71250", "city": "Si Rusa", "state": "Negeri Sembilan" },
  { "postcode": "71259", "city": "Si Rusa", "state": "Negeri Sembilan" },
  { "postcode": "71300", "city": "Rembau", "state": "Negeri Sembilan" },
  { "postcode": "71309", "city": "Rembau", "state": "Negeri Sembilan" },
  { "postcode": "71350", "city": "Kota", "state": "Negeri Sembilan" },
  { "postcode": "71359", "city": "Kota", "state": "Negeri Sembilan" },
  { "postcode": "71400", "city": "Rembau", "state": "Negeri Sembilan" },
  { "postcode": "71409", "city": "Rembau", "state": "Negeri Sembilan" },
  { "postcode": "71450", "city": "Seremban", "state": "Negeri Sembilan" },
  { "postcode": "71459", "city": "Seremban", "state": "Negeri Sembilan" },
  { "postcode": "71500", "city": "Tanjong Ipoh", "state": "Negeri Sembilan" },
  { "postcode": "71509", "city": "Tanjong Ipoh", "state": "Negeri Sembilan" },
  { "postcode": "71550", "city": "Tanjong Ipoh", "state": "Negeri Sembilan" },
  { "postcode": "71559", "city": "Tanjong Ipoh", "state": "Negeri Sembilan" },
  { "postcode": "71600", "city": "Kuala Klawang", "state": "Negeri Sembilan" },
  { "postcode": "71609", "city": "Kuala Klawang", "state": "Negeri Sembilan" },
  { "postcode": "71650", "city": "Kuala Klawang", "state": "Negeri Sembilan" },
  { "postcode": "71659", "city": "Kuala Klawang", "state": "Negeri Sembilan" },
  { "postcode": "71700", "city": "Mantin", "state": "Negeri Sembilan" },
  { "postcode": "71707", "city": "Mantin", "state": "Negeri Sembilan" },
  { "postcode": "71709", "city": "Mantin", "state": "Negeri Sembilan" },
  { "postcode": "71750", "city": "Mantin", "state": "Negeri Sembilan" },
  { "postcode": "71759", "city": "Mantin", "state": "Negeri Sembilan" },
  { "postcode": "71760", "city": "Bandar Baru Enstek", "state": "Negeri Sembilan" },
  { "postcode": "71770", "city": "Seremban", "state": "Negeri Sembilan" },
  { "postcode": "71800", "city": "Nilai", "state": "Negeri Sembilan" },
  { "postcode": "71807", "city": "Nilai", "state": "Negeri Sembilan" },
  { "postcode": "71809", "city": "Nilai", "state": "Negeri Sembilan" },
  { "postcode": "71850", "city": "Nilai", "state": "Negeri Sembilan" },
  { "postcode": "71900", "city": "Labu", "state": "Negeri Sembilan" },
  { "postcode": "71907", "city": "Labu", "state": "Negeri Sembilan" },
  { "postcode": "71909", "city": "Labu", "state": "Negeri Sembilan" },
  { "postcode": "71950", "city": "Seremban", "state": "Negeri Sembilan" },
  { "postcode": "71960", "city": "Port Dickson", "state": "Negeri Sembilan" },
  { "postcode": "71999", "city": "Port Dickson", "state": "Negeri Sembilan" }
]
